フシギダネ	フシギダネ	25.7%	1.9%	食材ゲットS	食材	4400
フシギソウ	フシギソウ	25.5%	1.9%	食材ゲットS	食材	3300
フシギバナ	フシギバナ	26.6%	2.1%	食材ゲットS	食材	2800
ヒトカゲ	ヒトカゲ	20.1%	1.1%	食材ゲットS	食材	3500
リザード	リザード	22.7%	1.6%	食材ゲットS	食材	3000
リザードン	リザードン	22.4%	1.6%	食材ゲットS	食材	2400
ゼニガメ	ゼニガメ	27.1%	2.0%	食材ゲットS	食材	4500
カメール	カメール	27.1%	2.0%	食材ゲットS	食材	3400
カメックス	カメックス	27.5%	2.1%	食材ゲットS	食材	2800
キャタピー	キャタピー	17.9%	0.8%	食材ゲットS	きのみ	4400
トランセル	トランセル	20.8%	1.8%	食材ゲットS	きのみ	4200
バタフリー	バタフリー	19.7%	1.4%	食材ゲットS	きのみ	2500
コラッタ	コラッタ	23.7%	3.0%	げんきチャージS	きのみ	4900
ラッタ	ラッタ	23.7%	3.0%	げんきチャージS	きのみ	2950
アーボ	アーボ	23.5%	3.3%	げんきチャージS	きのみ	5000
アーボック	アーボック	26.4%	5.7%	げんきチャージS	きのみ	3400
ピカチュウ	ピカチュウ	20.7%	2.1%	エナジーチャージS	きのみ	2700
ピカチュウ(ハロウィン)	ピカチュウ
(ハロウィン)	21.8%	2.8%	エナジーチャージS
(ランダム)	きのみ	2500
ピカチュウ(ホリデー)	ピカチュウ
(ホリデー)	13.1%	4.2%	ゆめのかけらゲットS	スキル	2500
ライチュウ	ライチュウ	22.4%	3.2%	エナジーチャージS	きのみ	2200
ピッピ	ピッピ	16.8%	3.6%	ゆびをふる	きのみ	4000
ピクシー	ピクシー	16.8%	3.6%	ゆびをふる	きのみ	2800
ロコン	ロコン	16.8%	3.2%	げんきエールS	きのみ	4700
キュウコン	キュウコン	16.4%	2.9%	げんきエールS	きのみ	2600
ロコン(アローラのすがた)	ロコン
(アローラ)	23.0%	2.8%	おてつだいサポートS	きのみ	5600
キュウコン(アローラのすがた)	キュウコン
(アローラ)	23.2%	2.8%	おてつだいサポートS	きのみ	2900
プリン	プリン	18.2%	4.3%	げんきオールS	スキル	3900
プクリン	プクリン	17.4%	4.0%	げんきオールS	スキル	2900
ディグダ	ディグダ	19.2%	2.1%	エナジーチャージS	食材	4300
ダグトリオ	ダグトリオ	19.0%	2.0%	エナジーチャージS	食材	2650
ニャース	ニャース	16.3%	4.2%	ゆめのかけらゲットS	スキル	4400
ペルシアン	ペルシアン	16.9%	4.4%	ゆめのかけらゲットS	スキル	2800
コダック	コダック	13.6%	12.6%	エナジーチャージS
(ランダム)	スキル	5400
ゴルダック	ゴルダック	16.2%	12.5%	エナジーチャージS
(ランダム)	スキル	3400
マンキー	マンキー	19.7%	2.2%	エナジーチャージS
(ランダム)	きのみ	4200
オコリザル	オコリザル	20.0%	2.4%	エナジーチャージS
(ランダム)	きのみ	2800
ガーディ	ガーディ	13.8%	5.0%	おてつだいサポートS	スキル	4300
ウインディ	ウインディ	13.6%	4.9%	おてつだいサポートS	スキル	2500
マダツボミ	マダツボミ	23.3%	3.9%	げんきチャージS	食材	5200
ウツドン	ウツドン	23.5%	4.0%	げんきチャージS	食材	3800
ウツボット	ウツボット	23.3%	3.9%	げんきチャージS	食材	2800
イシツブテ	イシツブテ	28.1%	5.2%	エナジーチャージS
(ランダム)	食材	5700
ゴローン	ゴローン	27.2%	4.8%	エナジーチャージS
(ランダム)	食材	4000
ゴローニャ	ゴローニャ	28.0%	5.2%	エナジーチャージS
(ランダム)	食材	3100
ヤドン	ヤドン	15.1%	7.8%	げんきエールS	スキル	5700
ヤドラン	ヤドラン	19.7%	8.0%	げんきエールS	スキル	3800
コイル	コイル	18.2%	6.4%	料理パワーアップS	スキル	5800
レアコイル	レアコイル	18.2%	6.3%	料理パワーアップS	スキル	4000
カモネギ	カモネギ	16.0%	4.3%	エナジーチャージS
(固定)	食材	3000
ドードー	ドードー	18.4%	2.0%	げんきチャージS	きのみ	3800
ドードリオ	ドードリオ	18.4%	2.0%	げんきチャージS	きのみ	2300
ゴース	ゴース	14.4%	1.5%	エナジーチャージS
(ランダム)	食材	3800
ゴースト	ゴースト	15.7%	2.2%	エナジーチャージS
(ランダム)	食材	3000
ゲンガー	ゲンガー	16.1%	2.4%	エナジーチャージS
(ランダム)	食材	2200
イワーク	イワーク	13.2%	2.3%	食材ゲットS	きのみ	3100
カラカラ	カラカラ	22.3%	4.4%	げんきチャージS	きのみ	4800
ガラガラ	ガラガラ	22.5%	4.5%	げんきチャージS	きのみ	3300
ラッキー	ラッキー	23.6%	2.3%	げんきオールS	食材	3300
ガルーラ	ガルーラ	22.2%	1.7%	食材ゲットS	食材	2650
バリヤード	バリヤード	21.6%	3.9%	ものまね
(スキルコピー)	食材	2800
カイロス	カイロス	21.6%	3.1%	エナジーチャージM	食材	2400
メタモン	メタモン	20.1%	3.6%	へんしん
(スキルコピー)	食材	3500
イーブイ	イーブイ	19.2%	5.5%	食材ゲットS	スキル	3700
イーブイ(ホリデー)	イーブイ
(ホリデー)	15.6%	3.2%	ゆめのかけらゲットS	きのみ	3100
イーブイ(ハロウィン)	イーブイ
(ハロウィン)	12.0%	4.6%	食材ゲットS	スキル	3200
シャワーズ	シャワーズ	21.2%	6.1%	食材ゲットS	スキル	3100
サンダース	サンダース	15.1%	3.9%	おてつだいサポートS	スキル	2200
ブースター	ブースター	18.5%	5.2%	料理パワーアップS	スキル	2700
ミニリュウ	ミニリュウ	25.0%	2.0%	げんきチャージS	食材	5000
ハクリュー	ハクリュー	26.2%	2.5%	げんきチャージS	食材	3800
カイリュー	カイリュー	26.4%	2.6%	げんきチャージS	食材	2600
ミュウ	ミュウ	20.0%	4.0%	オールマイティー	オール	2900
チコリータ	チコリータ	16.9%	3.9%	エナジーチャージS
(ランダム)	きのみ	4400
ベイリーフ	ベイリーフ	16.8%	3.8%	エナジーチャージS
(ランダム)	きのみ	3300
メガニウム	メガニウム	17.5%	4.6%	エナジーチャージS
(ランダム)	きのみ	2800
ヒノアラシ	ヒノアラシ	18.6%	2.1%	エナジーチャージS
(ランダム)	きのみ	3500
マグマラシ	マグマラシ	21.1%	4.1%	エナジーチャージS
(ランダム)	きのみ	3000
バクフーン	バクフーン	20.8%	3.9%	エナジーチャージS
(ランダム)	きのみ	2400
ワニノコ	ワニノコ	25.3%	5.2%	エナジーチャージS
(ランダム)	きのみ	4500
アリゲイツ	アリゲイツ	25.3%	5.2%	エナジーチャージS
(ランダム)	きのみ	3400
オーダイル	オーダイル	25.7%	5.5%	エナジーチャージS
(ランダム)	きのみ	2800
ピチュー	ピチュー	21.0%	2.3%	エナジーチャージS	きのみ	4300
ピィ	ピィ	16.4%	3.4%	ゆびをふる	きのみ	5600
ププリン	ププリン	17.0%	3.8%	げんきオールS	スキル	5200
トゲピー	トゲピー	15.1%	4.9%	ゆびをふる	スキル	4800
トゲチック	トゲチック	16.3%	5.6%	ゆびをふる	スキル	3800
ネイティ	ネイティ	18.5%	1.6%	食材ゲットS	きのみ	4500
ネイティオ	ネイティオ	19.1%	2.5%	食材ゲットS	きのみ	2500
メリープ	メリープ	12.8%	4.7%	エナジーチャージM	スキル	4600
モココ	モココ	12.7%	4.6%	エナジーチャージM	スキル	3300
デンリュウ	デンリュウ	13.0%	4.7%	エナジーチャージM	スキル	2500
ウソッキー	ウソッキー	21.7%	7.2%	エナジーチャージM	スキル	4000
ウパー	ウパー	20.1%	3.8%	げんきチャージS	食材	5900
ウパー(パルデアのすがた)	ウパー
(パルデア)	20.9%	5.6%	げんきチャージS	食材	6400
ヌオー	ヌオー	19.0%	3.2%	げんきチャージS	食材	3400
エーフィ	エーフィ	16.4%	4.4%	エナジーチャージM	スキル	2400
ブラッキー	ブラッキー	21.9%	10.1%	つきのひかり
(げんきチャージS)	スキル	3200
ヤミカラス	ヤミカラス	14.1%	6.2%	きょううん
(食材セレクトS)	スキル	3600
ヤドキング	ヤドキング	16.6%	8.7%	げんきエールS	スキル	3400
ソーナンス	ソーナンス	21.1%	8.2%	げんきエールS	スキル	3500
ハガネール	ハガネール	15.4%	3.2%	食材ゲットS	きのみ	3000
ツボツボ	ツボツボ	20.5%	5.9%	きのみジュース
(げんきオールS)	スキル	3600
ヘラクロス	ヘラクロス	15.8%	4.7%	ビルドアップ
(料理アシストS)	スキル	2300
ニューラ	ニューラ	25.5%	1.9%	料理チャンスS	きのみ	3200
デリバード	デリバード	18.8%	3.0%	プレゼント
(食材ゲットS)	食材	2500
デルビル	デルビル	20.1%	3.7%	エナジーチャージM	きのみ	4900
ヘルガー	ヘルガー	20.3%	4.0%	エナジーチャージM	きのみ	3300
ハピナス	ハピナス	23.8%	2.3%	げんきオールS	食材	3100
ライコウ	ライコウ	19.2%	1.9%	おてつだいブースト
(でんき)	スキル	2100
エンテイ	エンテイ	18.7%	2.3%	おてつだいブースト
(ほのお)	スキル	2400
スイクン	スイクン	27.7%	2.6%	おてつだいブースト
(みず)	スキル	2700
ヨーギラス	ヨーギラス	23.8%	4.1%	げんきチャージS	食材	4800
サナギラス	サナギラス	24.7%	4.5%	げんきチャージS	食材	3600
バンギラス	バンギラス	26.6%	5.2%	げんきチャージS	食材	2700
キモリ	キモリ	17.2%	3.5%	きのみバースト	スキル	4500
ジュプトル	ジュプトル	15.0%	3.5%	きのみバースト	スキル	3300
ジュカイン	ジュカイン	10.7%	3.0%	きのみバースト	スキル	2300
アチャモ	アチャモ	16.0%	4.4%	げんきチャージS	きのみ	4300
ワカシャモ	ワカシャモ	17.0%	5.2%	げんきチャージS	きのみ	3400
バシャーモ	バシャーモ	15.3%	4.9%	げんきチャージS	きのみ	2600
ミズゴロウ	ミズゴロウ	19.2%	2.4%	料理チャンスS	きのみ	4700
ヌマクロー	ヌマクロー	16.8%	2.8%	料理チャンスS	きのみ	3500
ラグラージ	ラグラージ	14.6%	3.4%	料理チャンスS	きのみ	2800
ラルトス	ラルトス	14.5%	4.3%	げんきオールS	スキル	4800
キルリア	キルリア	14.6%	4.3%	げんきオールS	スキル	3500
サーナイト	サーナイト	14.4%	4.2%	げんきオールS	スキル	2400
ナマケロ	ナマケロ	21.6%	1.9%	食材ゲットS	きのみ	4900
ヤルキモノ	ヤルキモノ	20.4%	1.5%	食材ゲットS	きのみ	3200
ケッキング	ケッキング	33.9%	6.7%	食材ゲットS	きのみ	3600
ヤミラミ	ヤミラミ	18.8%	6.8%	ゆめのかけらゲットS
(ランダム)	スキル	3600
クチート	クチート	20.4%	3.8%	かいりきバサミ
(食材セレクトS)	食材	3200
ココドラ	ココドラ	27.3%	4.6%	げんきチャージS	食材	5700
コドラ	コドラ	27.7%	4.8%	げんきチャージS	食材	4200
ボスゴドラ	ボスゴドラ	28.5%	5.2%	げんきチャージS	食材	3000
プラスル	プラスル	10.3%	4.9%	プラス
(食材ゲットS)	スキル	2400
マイナン	マイナン	17.4%	4.9%	マイナス
(料理パワーアップS)	スキル	2400
ゴクリン	ゴクリン	21.4%	6.3%	ゆめのかけらゲットS
(ランダム)	スキル	5900
マルノーム	マルノーム	21.0%	7.0%	ゆめのかけらゲットS
(ランダム)	スキル	3500
ナックラー	ナックラー	15.2%	3.1%	エナジーチャージS	食材	5000
ビブラーバ	ビブラーバ	15.5%	3.4%	エナジーチャージS	食材	3700
フライゴン	フライゴン	17.2%	3.9%	エナジーチャージS	食材	2700
チルット	チルット	17.7%	3.2%	げんきチャージS	きのみ	4200
チルタリス	チルタリス	25.8%	6.1%	げんきチャージS	きのみ	3500
カゲボウズ	カゲボウズ	17.1%	2.6%	エナジーチャージS
(ランダム)	きのみ	3900
ジュペッタ	ジュペッタ	17.9%	3.3%	エナジーチャージS
(ランダム)	きのみ	2600
アブソル	アブソル	17.8%	3.8%	エナジーチャージS	食材	2950
ソーナノ	ソーナノ	21.3%	6.9%	げんきエールS	スキル	5800
タマザラシ	タマザラシ	22.4%	2.3%	食材ゲットS	きのみ	5600
タマザラシ(ホリデー)	タマザラシ
(ホリデー)	21.4%	5.0%	料理チャンスS	スキル	3300
トドグラー	トドグラー	22.1%	2.1%	食材ゲットS	きのみ	4000
トドゼルガ	トドゼルガ	22.3%	2.2%	食材ゲットS	きのみ	3000
タツベイ	タツベイ	20.9%	2.7%	料理パワーアップS	きのみ	5300
コモルー	コモルー	20.6%	2.7%	料理パワーアップS	きのみ	3800
ボーマンダ	ボーマンダ	21.7%	3.4%	料理パワーアップS	きのみ	2800
コリンク	コリンク	18.1%	1.8%	料理パワーアップS	食材	4400
ルクシオ	ルクシオ	18.2%	1.8%	料理パワーアップS	食材	3200
レントラー	レントラー	20.0%	2.3%	料理パワーアップS	食材	2400
フワンテ	フワンテ	13.7%	7.1%	たくわえる
(エナジーチャージS)	スキル	4800
フワライド	フワライド	12.8%	6.3%	たくわえる
(エナジーチャージS)	スキル	2500
ドンカラス	ドンカラス	14.3%	6.7%	きょううん
(食材セレクトS)	スキル	3200
ウソハチ	ウソハチ	18.9%	6.1%	エナジーチャージM	スキル	6300
マネネ	マネネ	20.1%	3.2%	ものまね
(スキルコピー)	食材	4300
ピンプク	ピンプク	21.0%	1.3%	げんきオールS	食材	5400
ミカルゲ	ミカルゲ	19.8%	3.6%	おてつだいサポートS	食材	3500
リオル	リオル	12.6%	3.8%	ゆめのかけらゲットS	スキル	4200
ルカリオ	ルカリオ	15.0%	5.1%	ゆめのかけらゲットS	スキル	2600
グレッグル	グレッグル	22.8%	4.2%	エナジーチャージS	食材	5600
ドクロッグ	ドクロッグ	22.9%	4.3%	エナジーチャージS	食材	3400
ユキカブリ	ユキカブリ	25.1%	4.4%	エナジーチャージS
(ランダム)	食材	5600
ユキノオー	ユキノオー	25.0%	4.4%	エナジーチャージS
(ランダム)	食材	3000
マニューラ	マニューラ	25.1%	1.8%	料理チャンスS	きのみ	2700
ジバコイル	ジバコイル	17.9%	6.2%	料理パワーアップS	スキル	3100
トゲキッス	トゲキッス	15.8%	5.3%	ゆびをふる	スキル	2600
リーフィア	リーフィア	20.5%	6.9%	げんきエールS	スキル	3000
グレイシア	グレイシア	21.9%	6.3%	料理パワーアップS	スキル	3200
エルレイド	エルレイド	14.7%	5.4%	おてつだいサポートS	スキル	2400
クレセリア	クレセリア	23.9%	4.1%	みかづきのいのり
(げんきオールS)	スキル	2300
ダークライ	ダークライ	19.2%	2.3%	ナイトメア
(エナジーチャージM)	オール	2900
ムンナ	ムンナ	19.7%	4.3%	ゆめのかけらゲットS
(ランダム)	きのみ	5700
ムシャーナ	ムシャーナ	18.8%	4.1%	ゆめのかけらゲットS
(ランダム)	きのみ	2800
イシズマイ	イシズマイ	17.5%	5.4%	食材セレクトS	スキル	4300
イワパレス	イワパレス	23.9%	6.4%	食材セレクトS	スキル	3200
ワシボン	ワシボン	12.5%	3.1%	きのみバースト	スキル	3800
ウォーグル	ウォーグル	12.1%	3.5%	きのみバースト	スキル	2400
ニンフィア	ニンフィア	17.8%	4.0%	げんきオールS	スキル	2600
デデンネ	デデンネ	17.7%	4.5%	料理チャンスS	スキル	2500
バケッチャ	バケッチャ
(こだま)	12.0%	4.9%	エナジーチャージS	食材	5300
バケッチャ	バケッチャ
(ちゅうだま)	12.0%	4.9%	エナジーチャージS	食材	5400
バケッチャ	バケッチャ
(おおだま)	12.0%	4.9%	エナジーチャージS	食材	5500
バケッチャ	バケッチャ
(ギガだま)	12.0%	4.9%	エナジーチャージS	食材	5600
パンプジン	パンプジン
(こだま)	13.0%	4.9%	エナジーチャージS	食材	3100
パンプジン	パンプジン
(ちゅうだま)	13.0%	4.9%	エナジーチャージS	食材	3200
パンプジン	パンプジン
(おおだま)	13.0%	4.9%	エナジーチャージS	食材	3300
パンプジン	パンプジン
(ギガだま)	13.0%	4.9%	エナジーチャージS	食材	3400
アゴジムシ	アゴジムシ	15.5%	2.9%	エナジーチャージS	食材	4600
デンヂムシ	デンヂムシ	15.4%	2.8%	エナジーチャージS	食材	3300
クワガノン	クワガノン	19.4%	5.1%	エナジーチャージS	食材	2800
アブリー	アブリー	19.9%	1.9%	食材セレクトS	食材	4500
アブリボン	アブリボン	19.4%	2.5%	食材セレクトS	食材	2300
ヌイコグマ	ヌイコグマ	22.5%	1.1%	エナジーチャージS
(ランダム)	食材	4100
キテルグマ	キテルグマ	22.9%	1.3%	エナジーチャージS
(ランダム)	食材	2800
キュワワー	キュワワー	16.7%	3.5%	げんきエールS	食材	2500
トゲデマル	トゲデマル	16.9%	5.4%	ほっぺすりすり
(げんきエールS)	スキル	2700
ミミッキュ	ミミッキュ	15.3%	3.5%	ばけのかわ
(きのみバースト)	スキル	2500
ウッウ	ウッウ	16.5%	3.9%	料理チャンスS	食材	2700
エレズン	エレズン	20.9%	4.8%	食材ゲットS	スキル	5600
ストリンダー(ハイなすがた)	ストリンダー
(ハイ)	23.9%	6.4%	プラス
(食材ゲットS)	スキル	3100
ストリンダー(ローなすがた)	ストリンダー
(ロー)	23.9%	6.4%	マイナス
(料理パワーアップS)	スキル	3100
ニャオハ	ニャオハ	20.8%	2.3%	料理パワーアップS	食材	4600
ニャローテ	ニャローテ	20.9%	2.3%	料理パワーアップS	食材	3500
マスカーニャ	マスカーニャ	19.0%	2.2%	料理パワーアップS	食材	2600
ホゲータ	ホゲータ	25.4%	5.3%	げんきチャージS	食材	4200
アチゲータ	アチゲータ	24.7%	5.0%	げんきチャージS	食材	3100
ラウドボーン	ラウドボーン	26.8%	6.2%	げんきチャージS	食材	2700
クワッス	クワッス	26.1%	2.8%	エナジーチャージM	食材	4800
ウェルカモ	ウェルカモ	25.9%	2.7%	エナジーチャージM	食材	3600
ウェーニバル	ウェーニバル	23.2%	2.4%	エナジーチャージM	食材	2600
パモ	パモ	11.1%	3.6%	げんきオールS	スキル	4600
パモット	パモット	10.9%	3.6%	げんきオールS	スキル	3300
パーモット	パーモット	14.1%	3.9%	げんきオールS	スキル	2400
アルクジラ	アルクジラ	22.3%	4.2%	げんきチャージS	食材	5100
ハルクジラ	ハルクジラ	20.9%	4.2%	げんきチャージS	食材	2800
ドオー	ドオー	20.8%	5.5%	げんきチャージS	食材	3500